Marker,log10BayesFactor,Chr,Pos,Number_of_Conditions
S01_762752,5.566433655865326,1,762752,5
S01_2812625,2.085539189666336,1,2812625,12
S01_3463038,2.440271872266217,1,3463038,14
S01_3679041,3.8964069195013167,1,3679041,11
S01_3801723,2.768518959069174,1,3801723,14
S01_3852443,3.020519685876382,1,3852443,14
S01_3962914,2.887016519428793,1,3962914,9
S01_3984751,2.9571464298187804,1,3984751,14
S01_4823816,3.1017595090706633,1,4823816,11
S01_5213591,2.707244741151736,1,5213591,12
S01_5239965,2.2464336341576514,1,5239965,12
S01_5327750,2.894276523829888,1,5327750,10
S01_5364192,3.002849257910989,1,5364192,9
S01_6075192,2.698101962871124,1,6075192,13
S01_6137050,2.3819411696586132,1,6137050,12
S01_6159577,2.521381527965554,1,6159577,13
S01_6191029,2.2271924426706597,1,6191029,10
S01_6244853,6.082748078600224,1,6244853,17
S01_6284049,4.801547311520231,1,6284049,6
S01_6414639,5.431528934279461,1,6414639,15
S01_6489204,3.137994224604471,1,6489204,12
S01_6695664,2.192598553297922,1,6695664,12
S01_6709475,2.804686743180272,1,6709475,13
S01_7167463,3.899318918865404,1,7167463,15
S01_7881774,5.201881729758118,1,7881774,14
S01_7901861,3.809357129203451,1,7901861,14
S01_8144872,3.043443024211447,1,8144872,14
S01_8746814,3.399654584291208,1,8746814,14
S01_8781335,7.648741114090275,1,8781335,14
S01_8856146,2.1008829485174614,1,8856146,14
S01_8877802,3.9508707814946966,1,8877802,13
S01_8908126,4.179764367114064,1,8908126,13
S01_8990443,4.036747245720316,1,8990443,14
S01_9013945,2.1230220474547288,1,9013945,5
S01_9046235,2.0382791585109916,1,9046235,12
S01_9232498,4.064612103278261,1,9232498,15
S01_9269655,2.8298439587720976,1,9269655,14
S01_9540002,4.252051624107239,1,9540002,14
S01_9624438,3.388662863364666,1,9624438,13
S01_9685844,4.095546181236819,1,9685844,13
S01_9926629,2.3788926819749157,1,9926629,13
S01_10019442,2.972928968495978,1,10019442,12
S01_10042570,2.2146387811531096,1,10042570,12
S01_10090733,2.2628526816676247,1,10090733,14
S01_10181743,2.8701525679577777,1,10181743,13
S01_10204774,6.303540599987742,1,10204774,15
S01_10315792,2.175214141557057,1,10315792,12
S01_10531664,3.2539113488664873,1,10531664,13
S01_10579896,3.0007207621678145,1,10579896,14
S01_10606039,2.473582422351564,1,10606039,14
S01_10911766,2.083094400759627,1,10911766,11
S01_11250524,3.630873097874405,1,11250524,14
S01_11422928,2.45558278982866,1,11422928,13
S01_11532579,4.7620482099855534,1,11532579,15
S01_11971452,2.378037123552335,1,11971452,12
S01_12385374,2.6716652912440657,1,12385374,13
S01_12570413,2.0993545220817733,1,12570413,13
S01_12648655,2.6674344995025137,1,12648655,13
S01_12671562,2.4704601578242027,1,12671562,11
S01_12711137,2.655859172637127,1,12711137,12
S01_12765318,2.526849613353006,1,12765318,13
S01_12835946,2.2121736657579323,1,12835946,13
S01_13192619,3.0873395160908856,1,13192619,13
S01_13228173,2.4434959968874743,1,13228173,14
S01_13255326,3.158249551035317,1,13255326,14
S01_13269288,3.088770585981761,1,13269288,13
S01_13320280,2.771252044434046,1,13320280,13
S01_13343819,5.483487252232411,1,13343819,15
S01_13363853,4.341593110734375,1,13363853,14
S01_13386241,4.597396821897774,1,13386241,14
S01_13431969,4.9549619257488775,1,13431969,15
S01_13452168,2.9788181614183564,1,13452168,12
S01_13482934,3.465279639866303,1,13482934,16
S01_13513228,4.75041181547801,1,13513228,15
S01_13560125,2.4841101397091423,1,13560125,12
S01_13581353,8.197410070771566,1,13581353,16
S01_13642597,2.8151617885818006,1,13642597,13
S01_13688414,3.324846786067531,1,13688414,14
S01_13752430,6.570037566398177,1,13752430,16
S01_13773930,4.586323747845166,1,13773930,15
S01_13820463,4.593256002854294,1,13820463,15
S01_13890324,2.6768634498590442,1,13890324,14
S01_13924258,4.257921232665393,1,13924258,14
S01_13991207,3.280678765111693,1,13991207,15
S01_14038869,2.813086381947519,1,14038869,12
S01_14075921,3.0340170003707896,1,14075921,14
S01_14117356,2.18562436484271,1,14117356,11
S01_14140697,2.6630812967202964,1,14140697,14
S01_14163098,3.831717656374594,1,14163098,13
S01_14219976,3.1851950392477812,1,14219976,14
S01_14302573,4.461362742022151,1,14302573,13
S01_14336181,7.08898212039212,1,14336181,15
S01_14361108,2.9693442969292687,1,14361108,13
S01_14418382,5.4499573133883885,1,14418382,5
S01_14495068,2.5157993155412766,1,14495068,12
S01_14535626,2.8387327109126645,1,14535626,15
S01_14557789,5.4732667575488465,1,14557789,15
S01_14607435,3.4189933439638556,1,14607435,13
S01_14642574,3.399131499236711,1,14642574,14
S01_14742707,3.5245105824206506,1,14742707,14
S01_14796722,2.4229864804194485,1,14796722,13
S01_14891252,3.7547599448309934,1,14891252,15
S01_14911470,3.2564693546361343,1,14911470,13
S01_14952678,2.8826055299249633,1,14952678,13
S01_15039200,6.124024297365515,1,15039200,14
S01_15074218,3.8962704690282366,1,15074218,14
S01_15143908,3.7307804988299047,1,15143908,14
S01_15195513,4.74475104565613,1,15195513,15
S01_15248640,3.6719751241003955,1,15248640,13
S01_15290902,2.6993786920611207,1,15290902,12
S01_15335326,2.569242505233606,1,15335326,14
S01_15360302,9.140539260340677,1,15360302,16
S01_15401005,3.0654390585393827,1,15401005,14
S01_15486499,3.1099465357230724,1,15486499,13
S01_15505766,3.136431771995366,1,15505766,13
S01_15526009,2.1141843105691143,1,15526009,11
S01_15570599,3.4476442801751026,1,15570599,14
S01_15642340,3.368333653188498,1,15642340,15
S01_15695900,2.015468866189583,1,15695900,11
S01_15717652,2.5535374596165066,1,15717652,13
S01_15794864,2.197904036569921,1,15794864,12
S01_15827631,3.2351731913336006,1,15827631,14
S01_16059375,2.4049061400064007,1,16059375,11
S01_16390972,5.114842251794015,1,16390972,13
S01_16435799,4.5241524997877836,1,16435799,14
S01_16507609,2.047305014148362,1,16507609,11
S01_16545289,4.338325118211762,1,16545289,14
S01_16582508,3.8218594796571943,1,16582508,15
S01_16673863,5.500996180262955,1,16673863,14
S01_16736272,2.747525332955954,1,16736272,15
S01_16759665,4.05892113733006,1,16759665,14
S01_16779381,3.1307785013644245,1,16779381,15
S01_16821908,3.682362160151122,1,16821908,15
S01_16935382,4.438714063651948,1,16935382,15
S01_16968808,4.044348776291011,1,16968808,14
S01_17173241,3.502481076356916,1,17173241,14
S01_17209249,3.2628367063244794,1,17209249,15
S01_17287045,3.6914526831792998,1,17287045,12
S01_17375719,3.2276537355789396,1,17375719,14
S01_17472822,3.6031238740064597,1,17472822,12
S01_17501395,3.2623578229464396,1,17501395,13
S01_17567717,4.3361508043323855,1,17567717,15
S01_17592316,3.21167002461686,1,17592316,13
S01_17630589,2.0923232347099385,1,17630589,11
S01_17710569,3.6625873313991106,1,17710569,13
S01_18575901,2.38803225188244,1,18575901,12
S01_18877245,3.2301397323672663,1,18877245,12
S01_18903252,5.496801748688676,1,18903252,15
S01_19158995,4.3358905862786825,1,19158995,13
S01_19212413,2.48750606530369,1,19212413,16
S01_19249120,5.510258428691478,1,19249120,17
S01_19623831,2.303613110442917,1,19623831,12
S01_20327166,2.3437779955223377,1,20327166,12
S01_21132751,2.2904302416696583,1,21132751,15
S01_22445076,3.8716019699605604,1,22445076,15
S01_22929016,2.6621162451212235,1,22929016,13
S01_24141669,2.070403539029235,1,24141669,9
S01_24321216,2.0260323425031403,1,24321216,14
S01_24413783,3.9019871452764607,1,24413783,12
S01_24739170,3.294866806568791,1,24739170,14
S01_24760739,3.7819021492277285,1,24760739,14
S01_25378389,2.3166599040026967,1,25378389,11
S01_27054001,2.1409328622866175,1,27054001,12
S01_27754532,2.725774091271545,1,27754532,14
S01_28483049,2.2655504925210654,1,28483049,12
S01_28690307,3.0402040840805227,1,28690307,15
S01_30346060,2.7987014991998427,1,30346060,12
S01_32151965,3.0505526791952864,1,32151965,12
S01_32973094,2.085802925625073,1,32973094,11
S01_33120739,2.473771793862395,1,33120739,13
S01_34125427,2.1556645231759775,1,34125427,11
S01_34166387,2.572916271693143,1,34166387,10
S01_34203637,7.507124607664192,1,34203637,17
S01_34355645,2.9149805576861425,1,34355645,13
S01_34471277,4.937328401750576,1,34471277,13
S01_34529449,4.3202126106237095,1,34529449,13
S01_34559047,3.0138407896854904,1,34559047,13
S01_34665881,4.77161203813875,1,34665881,14
S01_34804370,3.724688646841307,1,34804370,12
S01_34834932,3.4116141307612198,1,34834932,14
S01_34914600,3.0817507150457617,1,34914600,11
S01_34942083,2.0610755407281767,1,34942083,12
S01_35022814,6.348382658695744,1,35022814,15
S01_35071098,2.3148658498928945,1,35071098,14
S01_35100255,3.257415290711779,1,35100255,13
S01_35196160,3.899477862666988,1,35196160,13
S01_35289409,2.9669655971104643,1,35289409,15
S01_35395347,3.2576068899610453,1,35395347,12
S01_35509690,3.098166094156718,1,35509690,14
S01_35685792,2.1320599134337854,1,35685792,12
S01_35772290,3.1056999523158026,1,35772290,11
S01_35829185,3.646854359825191,1,35829185,13
S01_35929956,2.5031697302425315,1,35929956,14
S01_36052140,2.071887641253705,1,36052140,11
S01_36283050,3.353392183981313,1,36283050,15
S01_36400149,2.4925717728278953,1,36400149,10
S01_36458640,3.393393573308041,1,36458640,12
S01_36581276,2.668250759349097,1,36581276,12
S01_36643087,3.203596571757715,1,36643087,13
S01_37045832,5.389319464368259,1,37045832,14
S01_37136955,2.9183464660335305,1,37136955,14
S01_37157861,2.4159034746184855,1,37157861,13
S01_37179543,2.9910729377188217,1,37179543,14
S01_37217381,2.0924424852197623,1,37217381,12
S01_37291729,3.595783822405857,1,37291729,13
S01_37408658,2.5999321896694774,1,37408658,14
S01_37457228,2.9976311530968665,1,37457228,12
S01_37669872,5.3802714250642545,1,37669872,14
S01_38089752,3.8682451654577514,1,38089752,13
S01_38236674,5.446601499944474,1,38236674,15
S01_38312982,2.1262062243891773,1,38312982,9
S01_38386292,2.3730158411507176,1,38386292,12
S01_38467245,2.8280752293538516,1,38467245,12
S01_38643900,4.946983806778552,1,38643900,14
S01_38725410,2.2641555474193096,1,38725410,9
S01_38754578,6.419335751107136,1,38754578,15
S01_38780057,5.568234985749055,1,38780057,14
S01_38849514,3.0643619152512898,1,38849514,13
S01_38891012,5.516431417230543,1,38891012,12
S01_38931365,3.7502779293280035,1,38931365,12
S01_38954791,3.9576046462235723,1,38954791,12
S01_38997088,3.5512830048345156,1,38997088,11
S01_39020559,4.2780826558071405,1,39020559,13
S01_39082806,5.69706764700531,1,39082806,14
S01_39104211,4.7630565049648785,1,39104211,13
S01_39215135,3.54587108602344,1,39215135,11
S01_39337540,2.548811440546863,1,39337540,9
S01_39396150,2.492103344857323,1,39396150,10
S01_39437477,3.240922292430373,1,39437477,12
S01_39468585,2.989873542914534,1,39468585,12
S01_39489230,2.160608761087355,1,39489230,11
S01_39518528,6.817509722359824,1,39518528,15
S01_39548790,4.753240250223824,1,39548790,13
S01_39589101,6.24546492764005,1,39589101,15
S01_39698774,2.080292543559745,1,39698774,8
S01_39727088,2.651001549991761,1,39727088,14
S01_39830164,3.9132297328138748,1,39830164,14
S01_39969875,3.072418190866966,1,39969875,12
S01_40094832,2.329800778140225,1,40094832,8
S01_40172517,4.141335199637341,1,40172517,13
S01_40223253,2.8786322087248792,1,40223253,12
S01_40260643,5.405209982378313,1,40260643,15
S01_40311275,2.627933078105193,1,40311275,10
S01_40332507,3.8143038151689654,1,40332507,12
S01_40370373,5.505168240561957,1,40370373,13
S01_40407601,3.091949353577327,1,40407601,12
S01_40447211,4.106691750501821,1,40447211,11
S01_40526894,4.410494955808486,1,40526894,13
S01_40561246,4.059073995309897,1,40561246,12
S01_40616811,3.2542745628925536,1,40616811,13
S01_40625364,2.1003307256413195,1,40625364,11
S01_40714827,3.077465415165687,1,40714827,9
S01_40766944,4.502983421647334,1,40766944,11
S01_40874232,3.1579422395087406,1,40874232,9
S01_40902989,3.862837070577395,1,40902989,11
S01_40932252,2.075153800147862,1,40932252,10
S01_41017480,4.2444118342606565,1,41017480,10
S01_41074093,6.419453172338357,1,41074093,12
S01_41155252,2.178877570155427,1,41155252,9
S01_41402616,2.652133965328725,1,41402616,12
S01_41462479,2.78647222676883,1,41462479,12
S01_41535765,4.866978650841694,1,41535765,13
S01_41572251,4.183177701364375,1,41572251,15
S01_41585792,5.1476143815055915,1,41585792,14
S01_41627109,5.19503180696898,1,41627109,13
S01_41807537,2.719457196936815,1,41807537,10
S01_41824269,4.946028047573868,1,41824269,15
S01_41867679,3.7462713769333953,1,41867679,13
S01_41895616,2.4554435969267265,1,41895616,9
S01_41928274,2.9705955825233272,1,41928274,13
S01_41969193,3.8617963195436418,1,41969193,14
S01_41988764,3.0488233977179484,1,41988764,12
S01_42085244,2.783196340273945,1,42085244,10
S01_42111905,5.403090756476982,1,42111905,15
S01_42178468,4.6219303162789425,1,42178468,12
S01_42205896,5.773876503544008,1,42205896,14
S01_42228454,7.67242454460731,1,42228454,13
S01_42278377,7.4593072008266335,1,42278377,12
S01_42318724,4.2842343374850085,1,42318724,12
S01_42328840,3.4486710578400084,1,42328840,11
S01_42380990,3.8451547729673794,1,42380990,14
S01_42424888,5.336555732319033,1,42424888,12
S01_42525501,2.778511030509566,1,42525501,11
S01_42568770,2.0702247257189814,1,42568770,10
S01_42862829,3.604257265299211,1,42862829,12
S01_42923074,2.9780065788373196,1,42923074,12
S01_42966840,2.788546258755092,1,42966840,11
S01_43149329,3.4821938419556098,1,43149329,12
S01_43220712,3.65306188604678,1,43220712,13
S01_43270654,5.231037921221744,1,43270654,17
S01_43317055,4.27723179603634,1,43317055,15
S01_43709253,2.6926942326821086,1,43709253,11
S01_43812703,4.169873126324151,1,43812703,14
S01_43841613,6.364383846061284,1,43841613,15
S01_43864146,2.7933756280874737,1,43864146,11
S01_44065444,3.0904550889055353,1,44065444,11
S01_44090386,5.105071481240529,1,44090386,16
S01_44121325,3.1144991822216865,1,44121325,14
S01_44156049,5.580745338013129,1,44156049,15
S01_44203787,2.006709711157168,1,44203787,10
S01_44227691,4.685853408572818,1,44227691,13
S01_44349378,4.083643466456188,1,44349378,14
S01_44381318,4.406694435568969,1,44381318,14
S01_44536092,3.2689237403613753,1,44536092,16
S01_44609527,3.2060057391415744,1,44609527,12
S01_44655359,2.579694880348345,1,44655359,11
S01_44727576,3.859997075530464,1,44727576,13
S01_44752998,4.289988243751405,1,44752998,13
S01_44927421,3.5016386046684547,1,44927421,13
S01_44999880,3.0402484583309475,1,44999880,12
S01_45044182,2.7833394039068002,1,45044182,11
S01_45065258,3.106233551864032,1,45065258,12
S01_45108442,2.0872755319132588,1,45108442,16
S01_45383779,3.101092153024279,1,45383779,11
S01_45401242,4.096198069501771,1,45401242,15
S01_45424095,2.5351102596378703,1,45424095,13
S01_45950457,2.8288609079581497,1,45950457,14
S01_50865601,2.289858351685557,1,50865601,14
S01_51245431,2.4884491312335326,1,51245431,13
S01_51345859,3.675410849359706,1,51345859,15
S02_254590,2.641806332227293,2,254590,12
S02_38342314,3.3842845401251167,2,38342314,13
S03_7916762,2.375178791324131,3,7916762,10
S03_10641794,2.0783313139743065,3,10641794,1
S04_17773768,2.629333439698529,4,17773768,6
S05_20037417,2.203832611930869,5,20037417,13
S07_13947330,3.640460874460055,7,13947330,4
S07_14453463,5.382418540011808,7,14453463,14
S07_14474325,6.307389220523779,7,14474325,7
S08_33185127,4.227150117027939,8,33185127,5
S09_4810437,2.9871719849552987,9,4810437,13
S09_10668095,2.18247387916477,9,10668095,11
S10_4592900,2.5828343711862227,10,4592900,13
S10_9113863,2.1772460057701375,10,9113863,12
S10_36976883,3.243942788419419,10,36976883,14
S11_29845663,2.8157020667519754,11,29845663,13
S11_34902060,2.9355569901581813,11,34902060,12
